varid,ea,eaf,wgt
rs7412,T,0.076,1.1
rs5219,C,0.363,1.35
rs187585530,A,0.0050,0.4383
rs880315,C,0.3740,0.0392
rs146518726,A,0.0260,0.1655
rs4484922,G,0.6830,0.0677
rs79187193,G,0.9480,0.1133
rs4951261,C,0.3820,0.0488
rs6546620,C,0.7530,0.0677
rs6742276,A,0.6120,0.0488
rs72926475,G,0.8700,0.0677
rs56181519,C,0.7400,0.0770
rs295114,C,0.5970,0.0677
rs2306272,C,0.3180,0.0488
rs17490701,G,0.8570,0.0677
rs4855075,T,0.1430,0.0583
rs3822259,T,0.6790,0.0488
rs3960788,C,0.4240,0.0488
rs55754224,T,0.2500,0.0488
rs10213171,G,0.0820,0.1044
rs174048,C,0.1570,0.0677
rs6882776,G,0.6720,0.0583
rs73366713,G,0.8620,0.1044
rs34969716,A,0.3110,0.0862
rs3176326,G,0.8040,0.0583
rs117984853,T,0.0890,0.1133
rs55734480,A,0.2660,0.0488
rs6462078,A,0.7470,0.0583
rs74910854,G,0.0690,0.0953
rs62483627,A,0.2350,0.0488
rs7789146,G,0.8030,0.0583
rs7846485,C,0.8680,0.0862
rs62521286,G,0.0670,0.1222
rs35006907,A,0.3290,0.0488
rs6993266,A,0.5380,0.0488
rs4977397,A,0.5700,0.0392
rs4743034,A,0.2340,0.0488
rs10760361,G,0.6470,0.0392
rs7919685,G,0.5330,0.0583
rs11001667,G,0.2220,0.0583
rs1044258,T,0.6620,0.0488
